{
	"credit": "Made with Blockbench",
	"textures": {
		"0": "block/glass",
		"1": "block/glass_pane_top",
		"particle": "block/glass"
	},
	"elements": [
		{
			"from": [7, 0, 0],
			"to": [9, 16, 7],
			"rotation": {"angle": 0, "axis": "y", "origin": [15, 8, 8]},
			"faces": {
				"north": {"uv": [7, 0, 9, 16], "texture": "#1"},
				"east": {"uv": [9, 0, 16, 16], "texture": "#0"},
				"west": {"uv": [0, 0, 7, 16], "texture": "#0"},
				"up": {"uv": [7, 0, 9, 7], "texture": "#1"},
				"down": {"uv": [7, 9, 9, 16], "texture": "#1"}
			}
		},
		{
			"from": [7, 0, 9],
			"to": [9, 16, 16],
			"rotation": {"angle": 0, "axis": "y", "origin": [1, 8, 8]},
			"faces": {
				"east": {"uv": [0, 0, 7, 16], "texture": "#0"},
				"south": {"uv": [7, 0, 9, 16], "texture": "#1"},
				"west": {"uv": [9, 0, 16, 16], "texture": "#0"},
				"up": {"uv": [7, 0, 9, 7], "rotation": 180, "texture": "#1"},
				"down": {"uv": [7, 9, 9, 16], "rotation": 180, "texture": "#1"}
			}
		},
		{
			"from": [9, 0, 7],
			"to": [16, 16, 9],
			"rotation": {"angle": 0, "axis": "y", "origin": [8, 8, 15]},
			"faces": {
				"north": {"uv": [0, 0, 7, 16], "texture": "#0"},
				"east": {"uv": [7, 0, 9, 16], "texture": "#1"},
				"south": {"uv": [9, 0, 16, 16], "texture": "#0"},
				"up": {"uv": [7, 0, 9, 7], "rotation": 90, "texture": "#1"},
				"down": {"uv": [7, 9, 9, 16], "rotation": 270, "texture": "#1"}
			}
		},
		{
			"from": [0, 0, 7],
			"to": [7, 16, 9],
			"rotation": {"angle": 0, "axis": "y", "origin": [1, 8, 8]},
			"faces": {
				"north": {"uv": [9, 0, 16, 16], "texture": "#0"},
				"south": {"uv": [0, 0, 7, 16], "texture": "#0"},
				"west": {"uv": [7, 0, 9, 16], "texture": "#1"},
				"up": {"uv": [7, 0, 9, 7], "rotation": 270, "texture": "#1"},
				"down": {"uv": [7, 9, 9, 16], "rotation": 90, "texture": "#1"}
			}
		}
	]
}